[
    {
      "id": 1,
      "nombre": "Parrilla Ñuke Patagonica",
       "marca": "Ñuke",
       "precio": 20000,
       "destacado": true,
       "imagen": "./multimedia/par-1.jpeg",
       "unidad": 0
      },
      {
        "id": 2,
        "nombre": "Parrilla Tromen Pampeana",
        "marca": "Tromen",
        "precio": 25000,
       "destacado": true,
       "imagen": "./multimedia/par-2.jpeg",
       "unidad": 0
      },
      {
      "id": 3,
       "nombre": "Parrilla Tromen Serrana",
       "marca": "Tromen",
       "precio": 30000,
       "destacado": true,
       "imagen": "./multimedia/par-3.jpeg",
       "unidad": 0
      }
]